ref,quantity,manufacturer,part_number,value,domain,pins,source_url,source_revision
U1,1,Texas Instruments,ISO7721FDWR,DW-16; default LOW; two opposite channels,barrier,"{""1"": ""GND_L"", ""10"": ""NC_U1_10"", ""11"": ""NC_U1_11"", ""12"": ""TX_F"", ""13"": ""RX_F"", ""14"": ""V5_F"", ""15"": ""NC_U1_15"", ""16"": ""GND_F"", ""2"": ""NC_U1_2"", ""3"": ""V5_L"", ""4"": ""RX_L_ISO"", ""5"": ""TX_L_ISO"", ""6"": ""NC_U1_6"", ""7"": ""GND_L"", ""8"": ""NC_U1_8"", ""9"": ""GND_F""}",https://www.ti.com/lit/ds/symlink/iso7721.pdf,"SLLSEP3G; 2024-05; table 5-1, sections 6.3, 6.10, 6.15, 8.4"
U2,1,Texas Instruments,SN74LVC1G17DBVR,DBV-5; noninverting TX gate buffer,field,"{""1"": ""NC_U2_1"", ""2"": ""TX_ALLOWED"", ""3"": ""GND_F"", ""4"": ""GATE_DRIVE"", ""5"": ""V5_F""}",https://www.ti.com/lit/ds/symlink/sn74lvc1g17.pdf,"SCES351Y; 2025-10; sections 4, 5.5-5.8"
U3,1,Texas Instruments,LM393BIDR,SOIC-8; RX Schmitt comparator; spare held LOW,field,"{""1"": ""RX_F"", ""2"": ""VREF"", ""3"": ""SENSE"", ""4"": ""GND_F"", ""5"": ""GND_F"", ""6"": ""VREF"", ""7"": ""NC_U3_7"", ""8"": ""V5_F""}",https://www.ti.com/lit/ds/symlink/lm393.pdf,"SLCS005AH; 2025-04; sections 4, 5.1, 5.5, 5.7, 7.2.2.1"
U4,1,Texas Instruments,TPS70950DBVR,DBV-5; 5V LDO; EN left open (internal enable),field,"{""1"": ""LDO_IN"", ""2"": ""GND_F"", ""3"": ""NC_U4_EN"", ""4"": ""NC_U4_4"", ""5"": ""V5_F""}",https://www.ti.com/lit/ds/symlink/tps709.pdf,"SBVS186H; 2021-07; table 5-1, sections 6.5, 7.3, 8.2"
Q1,1,Nexperia,"PMV88ENEA,215",60V NMOS SOT23: 1 gate / 2 source / 3 drain,field,"{""1"": ""GATE"", ""2"": ""SINK_RET"", ""3"": ""DRAIN""}",https://assets.nexperia.com/documents/data-sheet/PMV88ENEA.pdf,"2026-08-03; tables 2, 5-7, section 10, figures 3, 13"
Q2,1,Nexperia,"PMV88ENEA,215",Series PG disconnect; G1/S2/D3; does not interrupt D1 negative path,field,"{""1"": ""PG_GATE"", ""2"": ""GND_F"", ""3"": ""SINK_RET""}",https://assets.nexperia.com/documents/data-sheet/PMV88ENEA.pdf,"2026-08-03; tables 2, 5-7, section 10, figures 3, 13"
U5,1,Analog Devices,LTC6994IS6-1#TRPBF,TSOT23-6; rising delay; RSET200k; DIVCODE3/N512,field,"{""1"": ""TX_F"", ""2"": ""GND_F"", ""3"": ""TIMER_SET"", ""4"": ""TIMER_DIV"", ""5"": ""V5_F"", ""6"": ""TIMEOUT""}",https://www.analog.com/media/en/technical-documentation/data-sheets/LTC6994-1-6994-2.pdf,"Rev C; 2019-11; pp2-5,13-16"
U6,1,Analog Devices,LTC6994IS6-2#TRPBF,TSOT23-6; both-edge debounce; RSET249k; DIVCODE4/N4096,field,"{""1"": ""ARM_RAW"", ""2"": ""GND_F"", ""3"": ""ARM_SET"", ""4"": ""ARM_DIV"", ""5"": ""V5_F"", ""6"": ""ARM_CLK""}",https://www.analog.com/media/en/technical-documentation/data-sheets/LTC6994-1-6994-2.pdf,"Rev C; 2019-11; pp2-5,13-16"
U7,1,Texas Instruments,SN74LVC1G74DCUR,VSSOP8; Q=ARMED; asynchronous clear has priority,field,"{""1"": ""ARM_CLK"", ""2"": ""ARM_DATA"", ""3"": ""LOCKED"", ""4"": ""GND_F"", ""5"": ""ARMED"", ""6"": ""CLR_N"", ""7"": ""V5_F"", ""8"": ""V5_F""}",https://www.ti.com/lit/ds/symlink/sn74lvc1g74.pdf,"SCES794G; 2021-09; sections5,6.3,6.5-6.8,8.4"
U8,1,Texas Instruments,SN74LVC2G02DCUR,VSSOP8; NOR1=idle qualification; NOR2=clear,field,"{""1"": ""TX_F"", ""2"": ""TIMEOUT"", ""3"": ""CLR_N"", ""4"": ""GND_F"", ""5"": ""TIMEOUT"", ""6"": ""POWER_BAD"", ""7"": ""IDLE_OK"", ""8"": ""V5_F""}",https://www.ti.com/lit/ds/symlink/sn74lvc2g02.pdf,"SCES194N; 2019-05; sections5,6.3,6.5,6.6"
U9,1,Texas Instruments,SN74LVC2G08DCUR,VSSOP8; AND1=TX gating; AND2=arm qualification,field,"{""1"": ""TX_F"", ""2"": ""ARMED"", ""3"": ""ARM_SAFE"", ""4"": ""GND_F"", ""5"": ""IDLE_OK"", ""6"": ""PG_CLEAN"", ""7"": ""TX_ALLOWED"", ""8"": ""V5_F""}",https://www.ti.com/lit/ds/symlink/sn74lvc2g08.pdf,"SCES198N; 2015-12; sections5,6.3,6.5,6.6"
U10,1,Texas Instruments,SN74LVC1G04DBVR,DBV5; PG inversion,field,"{""1"": ""NC_U10_1"", ""2"": ""PG_CLEAN"", ""3"": ""GND_F"", ""4"": ""NOT_PG"", ""5"": ""V5_F""}",https://www.ti.com/lit/ds/symlink/sn74lvc1g04.pdf,"SCES214AF; 2025-10; sections4,5.3,5.5-5.7"
U11,1,Texas Instruments,TPS3808G01DBVR,DBV6; adjustable PG; 100k/10.2k; CT open 12-28ms,field,"{""1"": ""PG_F"", ""2"": ""GND_F"", ""3"": ""V5_F"", ""4"": ""NC_U11_CT"", ""5"": ""PG_SENSE_F"", ""6"": ""V5_F""}",https://www.ti.com/lit/ds/symlink/tps3808.pdf,"SBVS050N; 2026-08; table5-1,sections6.5-6.6,7.3-7.4"
U12,1,Texas Instruments,SN74LVC1G17DBVR,DBV5; cleans slow PG edge for logic; Q2 driven directly by supervisor,field,"{""1"": ""NC_U12_1"", ""2"": ""PG_F"", ""3"": ""GND_F"", ""4"": ""PG_CLEAN"", ""5"": ""V5_F""}",https://www.ti.com/lit/ds/symlink/sn74lvc1g17.pdf,"SCES351Y; 2025-10; sections 4, 5.5-5.8"
U13,1,Texas Instruments,TPS3808G01DBVR,DBV6; USB supervisor; 100k/10.2k; drives opto LED switch Q3,logic,"{""1"": ""PG_L"", ""2"": ""GND_L"", ""3"": ""V5_L"", ""4"": ""NC_U13_CT"", ""5"": ""PG_SENSE_L"", ""6"": ""V5_L""}",https://www.ti.com/lit/ds/symlink/tps3808.pdf,"SBVS050N; 2026-08; table5-1,sections6.5-6.6,7.3-7.4"
Q3,1,Nexperia,"PMV88ENEA,215",USB-PG LED sink; no field-ground connection,logic,"{""1"": ""PG_LED_GATE"", ""2"": ""GND_L"", ""3"": ""LED_K""}",https://assets.nexperia.com/documents/data-sheet/PMV88ENEA.pdf,"2026-08-03; tables 2, 5-7, section 10, figures 3, 13"
U14,1,Vishay,VO617A-4X016,Wide DIP4 option6; 1LED_A 2LED_K 3emitter 4collector; USB health only,barrier,"{""1"": ""LED_A"", ""2"": ""LED_K"", ""3"": ""GND_F"", ""4"": ""USB_BAD""}",https://www.vishay.com/docs/83430/vo617a.pdf,"83430; Rev2.8;2025-01-22;pp1-4,wideDIPoption6mechanicaldrawing"
U15,1,Texas Instruments,SN74LVC1G32DBVR,DBV5; either power loss forces fault clear,field,"{""1"": ""NOT_PG"", ""2"": ""USB_BAD_CLEAN"", ""3"": ""GND_F"", ""4"": ""POWER_BAD"", ""5"": ""V5_F""}",https://www.ti.com/lit/ds/symlink/sn74lvc1g32.pdf,"SCES219W;2026-08; sections4,5.3,5.5-5.7"
U16,1,Texas Instruments,SN74LVC1G17DBVR,DBV5; Schmitt cleanup of phototransistor edge,field,"{""1"": ""NC_U16_1"", ""2"": ""USB_BAD"", ""3"": ""GND_F"", ""4"": ""USB_BAD_CLEAN"", ""5"": ""V5_F""}",https://www.ti.com/lit/ds/symlink/sn74lvc1g17.pdf,"SCES351Y; 2025-10; sections 4, 5.5-5.8"
U17,1,Analog Devices,LTC6994IS6-1#TRPBF,TSOT23-6; post-PG released-button/inactive-TX qualification20.398ms,field,"{""1"": ""READY_REQ"", ""2"": ""GND_F"", ""3"": ""READY_SET"", ""4"": ""READY_DIV"", ""5"": ""V5_F"", ""6"": ""READY_QUAL""}",https://www.analog.com/media/en/technical-documentation/data-sheets/LTC6994-1-6994-2.pdf,"Rev C; 2019-11; pp2-5,13-16"
U18,1,Texas Instruments,SN74LVC1G74DCUR,VSSOP8; readiness memory; clears on power or TX-duration fault,field,"{""1"": ""READY_QUAL"", ""2"": ""V5_F"", ""3"": ""NC_U18_3"", ""4"": ""GND_F"", ""5"": ""REARM_READY"", ""6"": ""CLR_N"", ""7"": ""V5_F"", ""8"": ""V5_F""}",https://www.ti.com/lit/ds/symlink/sn74lvc1g74.pdf,"SCES794G; 2021-09; sections5,6.3,6.5-6.8,8.4"
U19,1,Texas Instruments,SN74LVC2G02DCUR,VSSOP8; physical released-button + healthy power qualification; spare heldLOW,field,"{""1"": ""ARM_RAW_CLEAN"", ""2"": ""POWER_BAD"", ""3"": ""NC_U19_3"", ""4"": ""GND_F"", ""5"": ""V5_F"", ""6"": ""V5_F"", ""7"": ""RELEASE_OK"", ""8"": ""V5_F""}",https://www.ti.com/lit/ds/symlink/sn74lvc2g02.pdf,"SCES194N; 2019-05; sections5,6.3,6.5,6.6"
U20,1,Texas Instruments,SN74LVC2G08DCUR,VSSOP8; release/inactive qualifier and readiness-qualified arm data,field,"{""1"": ""RELEASE_OK"", ""2"": ""IDLE_OK"", ""3"": ""ARM_DATA"", ""4"": ""GND_F"", ""5"": ""ARM_SAFE"", ""6"": ""REARM_READY"", ""7"": ""READY_REQ"", ""8"": ""V5_F""}",https://www.ti.com/lit/ds/symlink/sn74lvc2g08.pdf,"SCES198N; 2015-12; sections5,6.3,6.5,6.6"
U21,1,Texas Instruments,SN74LVC1G17DBVR,DBV5; cleans physical switch level for readiness qualifier,field,"{""1"": ""NC_U21_1"", ""2"": ""ARM_RAW"", ""3"": ""GND_F"", ""4"": ""ARM_RAW_CLEAN"", ""5"": ""V5_F""}",https://www.ti.com/lit/ds/symlink/sn74lvc1g17.pdf,"SCES351Y; 2025-10; sections 4, 5.5-5.8"
U22,1,Texas Instruments,LM66100DCKR,"DCK6; VIN raw USB; CE held V5_L; resistor is AFTER OUT, not before VIN",logic,"{""1"": ""USB5V"", ""2"": ""GND_L"", ""3"": ""V5_L"", ""4"": ""NC_U22_4"", ""5"": ""GND_L"", ""6"": ""ISO_FEED""}",https://www.ti.com/lit/ds/symlink/lm66100.pdf,"SLVSEZ8A;2019-06;sections5,6.3,6.5-6.6,8.3.2; CE compares held rail with direct raw VIN"
U23,1,Texas Instruments,SN74LVC1G17DBVR,DBV5; D3 input buffer powered held rail; overvoltage-tolerant input,logic,"{""1"": ""NC_U23_1"", ""2"": ""D3"", ""3"": ""GND_L"", ""4"": ""TX_L_ISO"", ""5"": ""V5_L""}",https://www.ti.com/lit/ds/symlink/sn74lvc1g17.pdf,"SCES351Y; 2025-10; sections 4, 5.5-5.8"
U24,1,Texas Instruments,SN74LVC1G17DBVR,DBV5; RX output powered raw USB; Ioff protects unpowered Nano D8,logic,"{""1"": ""NC_U24_1"", ""2"": ""RX_L_ISO"", ""3"": ""GND_L"", ""4"": ""D8"", ""5"": ""USB5V""}",https://www.ti.com/lit/ds/symlink/sn74lvc1g17.pdf,"SCES351Y; 2025-10; sections 4, 5.5-5.8"
D1,1,Vishay,SS16-M3/IA,60V 1A SMA; band=K; drain negative clamp,field,"{""A"": ""GND_F"", ""K"": ""DRAIN""}",https://www.vishay.com/docs/98653/ss16hm3_bia_ss16-m3ia.pdf,"98653; 2025-03-12; pages 1-3, electrical and thermal tables"
D2,1,Nexperia,"BAT54,215",SOT23: 1=A / 2=NC / 3=K; negative RX clamp,field,"{""1"": ""GND_F"", ""2"": ""NC_D2_2"", ""3"": ""SENSE""}",https://assets.nexperia.com/documents/data-sheet/BAT54.pdf,"2022-07-01; tables 2, 5-7"
D3P,1,Vishay,SS16-M3/IA,Battery reverse protection; band=K,field,"{""A"": ""BAT_LIMITED"", ""K"": ""LDO_IN""}",https://www.vishay.com/docs/98653/ss16hm3_bia_ss16-m3ia.pdf,"98653; 2025-03-12; pages 1-3, electrical and thermal tables"
R1,1,Vishay,MRS25000C2203FCT00,220000,field,"{""1"": ""ECU_DATA"", ""2"": ""SENSE""}",https://www.vishay.com/docs/28724/mrs16m25.pdf,28724; 2016-03-07; electrical and ordering tables
R2,1,Vishay,MRS25000C6802FCT00,68000,field,"{""1"": ""SENSE"", ""2"": ""GND_F""}",https://www.vishay.com/docs/28724/mrs16m25.pdf,28724; 2016-03-07; electrical and ordering tables
R3,1,Vishay,MRS25000C1004FCT00,1000000,field,"{""1"": ""RX_F"", ""2"": ""SENSE""}",https://www.vishay.com/docs/28724/mrs16m25.pdf,28724; 2016-03-07; electrical and ordering tables
R4,1,Vishay,MRS25000C7872FCT00,78700,field,"{""1"": ""V5_F"", ""2"": ""VREF""}",https://www.vishay.com/docs/28724/mrs16m25.pdf,28724; 2016-03-07; electrical and ordering tables
R5,1,Vishay,MRS25000C1002FCT00,10000,field,"{""1"": ""VREF"", ""2"": ""GND_F""}",https://www.vishay.com/docs/28724/mrs16m25.pdf,28724; 2016-03-07; electrical and ordering tables
R6,1,Vishay,MRS25000C2201FCT00,2200,field,"{""1"": ""V5_F"", ""2"": ""RX_F""}",https://www.vishay.com/docs/28724/mrs16m25.pdf,28724; 2016-03-07; electrical and ordering tables
R7,1,Vishay,MRS25000C2200FCT00,220,field,"{""1"": ""GATE_DRIVE"", ""2"": ""GATE""}",https://www.vishay.com/docs/28724/mrs16m25.pdf,28724; 2016-03-07; electrical and ordering tables
R8,1,Vishay,MRS25000C6802FCT00,68000,field,"{""1"": ""GATE"", ""2"": ""GND_F""}",https://www.vishay.com/docs/28724/mrs16m25.pdf,28724; 2016-03-07; electrical and ordering tables
R9,1,Vishay,MRS25000C4702FCT00,47000,logic,"{""1"": ""D3"", ""2"": ""GND_L""}",https://www.vishay.com/docs/28724/mrs16m25.pdf,28724; 2016-03-07; electrical and ordering tables
R10,1,Vishay,MRS25000C1002FCT00,10000,logic,"{""1"": ""D8"", ""2"": ""GND_L""}",https://www.vishay.com/docs/28724/mrs16m25.pdf,28724; 2016-03-07; electrical and ordering tables
R11,1,Vishay,MRS25000C1001FCT00,1000,field,"{""1"": ""V5_F"", ""2"": ""GND_F""}",https://www.vishay.com/docs/28724/mrs16m25.pdf,28724; 2016-03-07; electrical and ordering tables
R12,1,Vishay,AC10000002209JAB00,22,field,"{""1"": ""ECU_DATA"", ""2"": ""TX_MID""}",https://www.vishay.com/docs/28730/ac_ac-at_ac-ni.pdf,"28730; 2024-12-05; pages 1-4, derating and ordering"
R13,1,Vishay,AC10000002209JAB00,22,field,"{""1"": ""TX_MID"", ""2"": ""DRAIN""}",https://www.vishay.com/docs/28730/ac_ac-at_ac-ni.pdf,"28730; 2024-12-05; pages 1-4, derating and ordering"
R14,1,Vishay,AC03000004709JAC00,47,field,"{""1"": ""BAT_PLUS"", ""2"": ""BAT_LIMITED""}",https://www.vishay.com/docs/28730/ac_ac-at_ac-ni.pdf,"28730; 2024-12-05; pages 1-4, derating and ordering"
R15,1,Vishay,MRS25000C2003FCT00,200000,field,"{""1"": ""TIMER_SET"", ""2"": ""GND_F""}",https://www.vishay.com/docs/28724/mrs16m25.pdf,28724; 2016-03-07; electrical and ordering tables
R16,1,Vishay,MRS25000C3573FCT00,357000,field,"{""1"": ""V5_F"", ""2"": ""TIMER_DIV""}",https://www.vishay.com/docs/28724/mrs16m25.pdf,28724; 2016-03-07; electrical and ordering tables
R17,1,Vishay,MRS25000C1003FCT00,100000,field,"{""1"": ""TIMER_DIV"", ""2"": ""GND_F""}",https://www.vishay.com/docs/28724/mrs16m25.pdf,28724; 2016-03-07; electrical and ordering tables
R18,1,Vishay,MRS25000C2493FCT00,249000,field,"{""1"": ""ARM_SET"", ""2"": ""GND_F""}",https://www.vishay.com/docs/28724/mrs16m25.pdf,28724; 2016-03-07; electrical and ordering tables
R19,1,Vishay,MRS25000C2553FCT00,255000,field,"{""1"": ""V5_F"", ""2"": ""ARM_DIV""}",https://www.vishay.com/docs/28724/mrs16m25.pdf,28724; 2016-03-07; electrical and ordering tables
R20,1,Vishay,MRS25000C1003FCT00,100000,field,"{""1"": ""ARM_DIV"", ""2"": ""GND_F""}",https://www.vishay.com/docs/28724/mrs16m25.pdf,28724; 2016-03-07; electrical and ordering tables
R21,1,Vishay,MRS25000C1503FCT00,150000,field,"{""1"": ""V5_F"", ""2"": ""PG_F""}",https://www.vishay.com/docs/28724/mrs16m25.pdf,28724; 2016-03-07; electrical and ordering tables
R22,1,Vishay,MRS25000C1002FCT00,10000,field,"{""1"": ""ARM_RAW"", ""2"": ""GND_F""}",https://www.vishay.com/docs/28724/mrs16m25.pdf,28724; 2016-03-07; electrical and ordering tables
R23,1,Vishay,MRS25000C1001FCT00,1000,field,"{""1"": ""ARM_BUTTON"", ""2"": ""ARM_RAW""}",https://www.vishay.com/docs/28724/mrs16m25.pdf,28724; 2016-03-07; electrical and ordering tables
R24,1,Vishay,MRS25000C2201FCT00,2200,field,"{""1"": ""PG_F"", ""2"": ""PG_GATE""}",https://www.vishay.com/docs/28724/mrs16m25.pdf,28724; 2016-03-07; electrical and ordering tables
R25,1,Vishay,MRS25000C1005FCT00,10000000,field,"{""1"": ""PG_GATE"", ""2"": ""GND_F""}",https://www.vishay.com/docs/28724/mrs16m25.pdf,28724; 2016-03-07; electrical and ordering tables
R26,1,Vishay,MRS25000C1503FCT00,150000,logic,"{""1"": ""V5_L"", ""2"": ""PG_L""}",https://www.vishay.com/docs/28724/mrs16m25.pdf,28724; 2016-03-07; electrical and ordering tables
R27,1,Vishay,MRS25000C3900FCT00,390,logic,"{""1"": ""USB5V"", ""2"": ""LED_A""}",https://www.vishay.com/docs/28724/mrs16m25.pdf,28724; 2016-03-07; electrical and ordering tables
R28,1,Vishay,MRS25000C1002FCT00,10000,field,"{""1"": ""V5_F"", ""2"": ""USB_BAD""}",https://www.vishay.com/docs/28724/mrs16m25.pdf,28724; 2016-03-07; electrical and ordering tables
R29,1,Vishay,MRS25000C1003FCT00,100000,field,"{""1"": ""V5_F"", ""2"": ""PG_SENSE_F""}",https://www.vishay.com/docs/28724/mrs16m25.pdf,28724; 2016-03-07; electrical and ordering tables
R30,1,Vishay,MRS25000C1022FCT00,10200,field,"{""1"": ""PG_SENSE_F"", ""2"": ""GND_F""}",https://www.vishay.com/docs/28724/mrs16m25.pdf,28724; 2016-03-07; electrical and ordering tables
R31,1,Vishay,MRS25000C1003FCT00,100000,logic,"{""1"": ""USB5V"", ""2"": ""PG_SENSE_L""}",https://www.vishay.com/docs/28724/mrs16m25.pdf,28724; 2016-03-07; electrical and ordering tables
R32,1,Vishay,MRS25000C1022FCT00,10200,logic,"{""1"": ""PG_SENSE_L"", ""2"": ""GND_L""}",https://www.vishay.com/docs/28724/mrs16m25.pdf,28724; 2016-03-07; electrical and ordering tables
R33,1,Vishay,MRS25000C2493FCT00,249000,field,"{""1"": ""READY_SET"", ""2"": ""GND_F""}",https://www.vishay.com/docs/28724/mrs16m25.pdf,28724; 2016-03-07; electrical and ordering tables
R34,1,Vishay,MRS25000C2553FCT00,255000,field,"{""1"": ""V5_F"", ""2"": ""READY_DIV""}",https://www.vishay.com/docs/28724/mrs16m25.pdf,28724; 2016-03-07; electrical and ordering tables
R35,1,Vishay,MRS25000C1003FCT00,100000,field,"{""1"": ""READY_DIV"", ""2"": ""GND_F""}",https://www.vishay.com/docs/28724/mrs16m25.pdf,28724; 2016-03-07; electrical and ordering tables
R36,1,Vishay,MRS25000C2201FCT00,2200,logic,"{""1"": ""PG_L"", ""2"": ""PG_LED_GATE""}",https://www.vishay.com/docs/28724/mrs16m25.pdf,28724; 2016-03-07; electrical and ordering tables
R37,1,Vishay,AC03000002209JAC00,22,logic,"{""1"": ""ISO_FEED"", ""2"": ""V5_L""}",https://www.vishay.com/docs/28730/ac_ac-at_ac-ni.pdf,"28730; 2024-12-05; pages 1-4, derating and ordering"
R38,1,Vishay,MRS25000C4701FCT00,4700,logic,"{""1"": ""USB5V"", ""2"": ""GND_L""}",https://www.vishay.com/docs/28724/mrs16m25.pdf,28724; 2016-03-07; electrical and ordering tables
R39,1,Vishay,MRS25000C1002FCT00,10000,logic,"{""1"": ""TX_L_ISO"", ""2"": ""GND_L""}",https://www.vishay.com/docs/28724/mrs16m25.pdf,28724; 2016-03-07; electrical and ordering tables
R40,1,Vishay,MRS25000C1002FCT00,10000,logic,"{""1"": ""RX_L_ISO"", ""2"": ""GND_L""}",https://www.vishay.com/docs/28724/mrs16m25.pdf,28724; 2016-03-07; electrical and ordering tables
C1,1,KEMET,C315C104K5R5TA,1e-07,logic,"{""1"": ""V5_L"", ""2"": ""GND_L""}",https://search.kemet.com/component-documentation/download/specsheet/C315C104K5R5TA,generated per-part specification; retrieved 2026-10-06; specifications
C2,1,KEMET,C315C104K5R5TA,1e-07,field,"{""1"": ""V5_F"", ""2"": ""GND_F""}",https://search.kemet.com/component-documentation/download/specsheet/C315C104K5R5TA,generated per-part specification; retrieved 2026-10-06; specifications
C3,1,KEMET,C315C104K5R5TA,1e-07,field,"{""1"": ""V5_F"", ""2"": ""GND_F""}",https://search.kemet.com/component-documentation/download/specsheet/C315C104K5R5TA,generated per-part specification; retrieved 2026-10-06; specifications
C4,1,KEMET,C315C104K5R5TA,1e-07,field,"{""1"": ""V5_F"", ""2"": ""GND_F""}",https://search.kemet.com/component-documentation/download/specsheet/C315C104K5R5TA,generated per-part specification; retrieved 2026-10-06; specifications
C5,1,KEMET,C315C103K5R5TA,1e-08,field,"{""1"": ""VREF"", ""2"": ""GND_F""}",https://search.kemet.com/component-documentation/download/specsheet/C315C103K5R5TA,generated 2026-10-06; specifications
C6,1,KEMET,C340C225K5R5TA,2.2e-06,field,"{""1"": ""LDO_IN"", ""2"": ""GND_F""}",https://search.kemet.com/component-documentation/download/specsheet/C340C225K5R5TA,generated per-part specification; retrieved 2026-10-06; specifications
C7,1,KEMET,C340C225K5R5TA,2.2e-06,field,"{""1"": ""V5_F"", ""2"": ""GND_F""}",https://search.kemet.com/component-documentation/download/specsheet/C340C225K5R5TA,generated per-part specification; retrieved 2026-10-06; specifications
C8,1,KEMET,C340C225K5R5TA,2.2e-06,field,"{""1"": ""V5_F"", ""2"": ""GND_F""}",https://search.kemet.com/component-documentation/download/specsheet/C340C225K5R5TA,generated per-part specification; retrieved 2026-10-06; specifications
C9,1,KEMET,C340C225K5R5TA,2.2e-06,field,"{""1"": ""V5_F"", ""2"": ""GND_F""}",https://search.kemet.com/component-documentation/download/specsheet/C340C225K5R5TA,generated per-part specification; retrieved 2026-10-06; specifications
C10,1,KEMET,C315C222J5G5TA,2.2e-09,field,"{""1"": ""GATE"", ""2"": ""GND_F""}",https://search.kemet.com/component-documentation/download/specsheet/C315C222J5G5TA,generated 2026-10-06; specifications
C11,1,KEMET,C315C222J5G5TA,2.2e-09,field,"{""1"": ""PG_GATE"", ""2"": ""GND_F""}",https://search.kemet.com/component-documentation/download/specsheet/C315C222J5G5TA,generated 2026-10-06; specifications
C12,1,KEMET,C315C104K5R5TA,1e-07,field,"{""1"": ""V5_F"", ""2"": ""GND_F""}",https://search.kemet.com/component-documentation/download/specsheet/C315C104K5R5TA,generated per-part specification; retrieved 2026-10-06; specifications
C13,1,KEMET,C315C104K5R5TA,1e-07,field,"{""1"": ""V5_F"", ""2"": ""GND_F""}",https://search.kemet.com/component-documentation/download/specsheet/C315C104K5R5TA,generated per-part specification; retrieved 2026-10-06; specifications
C14,1,KEMET,C315C104K5R5TA,1e-07,field,"{""1"": ""V5_F"", ""2"": ""GND_F""}",https://search.kemet.com/component-documentation/download/specsheet/C315C104K5R5TA,generated per-part specification; retrieved 2026-10-06; specifications
C15,1,KEMET,C315C104K5R5TA,1e-07,field,"{""1"": ""V5_F"", ""2"": ""GND_F""}",https://search.kemet.com/component-documentation/download/specsheet/C315C104K5R5TA,generated per-part specification; retrieved 2026-10-06; specifications
C16,1,KEMET,C315C104K5R5TA,1e-07,field,"{""1"": ""V5_F"", ""2"": ""GND_F""}",https://search.kemet.com/component-documentation/download/specsheet/C315C104K5R5TA,generated per-part specification; retrieved 2026-10-06; specifications
C17,1,KEMET,C315C104K5R5TA,1e-07,field,"{""1"": ""V5_F"", ""2"": ""GND_F""}",https://search.kemet.com/component-documentation/download/specsheet/C315C104K5R5TA,generated per-part specification; retrieved 2026-10-06; specifications
C18,1,KEMET,C315C104K5R5TA,1e-07,field,"{""1"": ""V5_F"", ""2"": ""GND_F""}",https://search.kemet.com/component-documentation/download/specsheet/C315C104K5R5TA,generated per-part specification; retrieved 2026-10-06; specifications
C19,1,KEMET,C315C104K5R5TA,1e-07,field,"{""1"": ""V5_F"", ""2"": ""GND_F""}",https://search.kemet.com/component-documentation/download/specsheet/C315C104K5R5TA,generated per-part specification; retrieved 2026-10-06; specifications
C20,1,KEMET,C315C104K5R5TA,1e-07,logic,"{""1"": ""V5_L"", ""2"": ""GND_L""}",https://search.kemet.com/component-documentation/download/specsheet/C315C104K5R5TA,generated per-part specification; retrieved 2026-10-06; specifications
C21,1,KEMET,C315C104K5R5TA,1e-07,field,"{""1"": ""V5_F"", ""2"": ""GND_F""}",https://search.kemet.com/component-documentation/download/specsheet/C315C104K5R5TA,generated per-part specification; retrieved 2026-10-06; specifications
C22,1,KEMET,C315C104K5R5TA,1e-07,field,"{""1"": ""V5_F"", ""2"": ""GND_F""}",https://search.kemet.com/component-documentation/download/specsheet/C315C104K5R5TA,generated per-part specification; retrieved 2026-10-06; specifications
C23,1,KEMET,C315C104K5R5TA,1e-07,field,"{""1"": ""V5_F"", ""2"": ""GND_F""}",https://search.kemet.com/component-documentation/download/specsheet/C315C104K5R5TA,generated per-part specification; retrieved 2026-10-06; specifications
C24,1,KEMET,C315C104K5R5TA,1e-07,field,"{""1"": ""V5_F"", ""2"": ""GND_F""}",https://search.kemet.com/component-documentation/download/specsheet/C315C104K5R5TA,generated per-part specification; retrieved 2026-10-06; specifications
C25,1,KEMET,C315C104K5R5TA,1e-07,field,"{""1"": ""V5_F"", ""2"": ""GND_F""}",https://search.kemet.com/component-documentation/download/specsheet/C315C104K5R5TA,generated per-part specification; retrieved 2026-10-06; specifications
C26,1,KEMET,C315C104K5R5TA,1e-07,field,"{""1"": ""V5_F"", ""2"": ""GND_F""}",https://search.kemet.com/component-documentation/download/specsheet/C315C104K5R5TA,generated per-part specification; retrieved 2026-10-06; specifications
C27,1,KEMET,C315C104K5R5TA,1e-07,field,"{""1"": ""V5_F"", ""2"": ""GND_F""}",https://search.kemet.com/component-documentation/download/specsheet/C315C104K5R5TA,generated per-part specification; retrieved 2026-10-06; specifications
C28,1,KEMET,C340C475K5R5TA,4.7e-06,logic,"{""1"": ""V5_L"", ""2"": ""GND_L""}",https://content.kemet.com/datasheets/KEM_C1050_GOLDMAX_X7R.pdf,"C1050_GOLDMAX_X7R;2025-08-05;ordering p1,Table1E p11:C340/50V/475; effective combined capacitance measured>=4.7uF"
C29,1,KEMET,C340C475K5R5TA,4.7e-06,logic,"{""1"": ""V5_L"", ""2"": ""GND_L""}",https://content.kemet.com/datasheets/KEM_C1050_GOLDMAX_X7R.pdf,"C1050_GOLDMAX_X7R;2025-08-05;ordering p1,Table1E p11:C340/50V/475; effective combined capacitance measured>=4.7uF"
C30,1,KEMET,C315C104K5R5TA,1e-07,logic,"{""1"": ""V5_L"", ""2"": ""GND_L""}",https://search.kemet.com/component-documentation/download/specsheet/C315C104K5R5TA,generated per-part specification; retrieved 2026-10-06; specifications
C31,1,KEMET,C315C104K5R5TA,1e-07,logic,"{""1"": ""USB5V"", ""2"": ""GND_L""}",https://search.kemet.com/component-documentation/download/specsheet/C315C104K5R5TA,generated per-part specification; retrieved 2026-10-06; specifications
SW1,1,OMRON,B3F-1002-G,Field-side SPST-NO; terminals1/2 and3/4 pairs; verify bottom-view numbering,field,"{""1"": ""V5_F"", ""2"": ""V5_F"", ""3"": ""ARM_BUTTON"", ""4"": ""ARM_BUTTON""}",https://omronfs.omron.com/en_US/ecb/products/pdf/en-b3f.pdf,"B3F catalog; CatNoA070-E1-08; ratings p3,pin numbering p4; retrieved2026-10-06"
J1,1,HondaDash,project-logic-pads,Nano: USB5V/GND/D3/D8; no VIN,logic,"{""1"": ""USB5V"", ""2"": ""GND_L"", ""3"": ""D3"", ""4"": ""D8""}",SCHEMATIC.md,M3b.1 rev B; functional pads and test points; no vehicle connector pinout
J2,1,HondaDash,project-field-pads,Functional labels only; third pad not routed,field,"{""1"": ""ECU_DATA"", ""2"": ""GND_F"", ""3"": ""VEHICLE_POWER_NC""}",SCHEMATIC.md,M3b.1 rev B; functional pads and test points; no vehicle connector pinout
J3,1,HondaDash,project-battery-pads,Battery disconnected to switch OFF,field,"{""1"": ""BAT_PLUS"", ""2"": ""GND_F""}",SCHEMATIC.md,M3b.1 rev B; functional pads and test points; no vehicle connector pinout
B1,1,Energizer,522,External removable 9V alkaline; accept measured 8.0-9.6V,field,"{""+"": ""BAT_PLUS"", ""-"": ""GND_F""}",https://data.energizer.com/pdfs/522_ap.pdf,Form EBC-1108L; undated; nominal voltage and temperature table
TP1,1,HondaDash,project-test-pad,D3,logic,"{""1"": ""D3""}",SCHEMATIC.md,M3b.1 rev B; functional pads and test points; no vehicle connector pinout
TP2,1,HondaDash,project-test-pad,D8,logic,"{""1"": ""D8""}",SCHEMATIC.md,M3b.1 rev B; functional pads and test points; no vehicle connector pinout
TP3,1,HondaDash,project-test-pad,ECU_DATA,field,"{""1"": ""ECU_DATA""}",SCHEMATIC.md,M3b.1 rev B; functional pads and test points; no vehicle connector pinout
TP4,1,HondaDash,project-test-pad,SENSE,field,"{""1"": ""SENSE""}",SCHEMATIC.md,M3b.1 rev B; functional pads and test points; no vehicle connector pinout
TP5,1,HondaDash,project-test-pad,VREF,field,"{""1"": ""VREF""}",SCHEMATIC.md,M3b.1 rev B; functional pads and test points; no vehicle connector pinout
TP6,1,HondaDash,project-test-pad,RX_F,field,"{""1"": ""RX_F""}",SCHEMATIC.md,M3b.1 rev B; functional pads and test points; no vehicle connector pinout
TP7,1,HondaDash,project-test-pad,GATE,field,"{""1"": ""GATE""}",SCHEMATIC.md,M3b.1 rev B; functional pads and test points; no vehicle connector pinout
TP8,1,HondaDash,project-test-pad,DRAIN,field,"{""1"": ""DRAIN""}",SCHEMATIC.md,M3b.1 rev B; functional pads and test points; no vehicle connector pinout
TP9,1,HondaDash,project-test-pad,V5_F,field,"{""1"": ""V5_F""}",SCHEMATIC.md,M3b.1 rev B; functional pads and test points; no vehicle connector pinout
TP10,1,HondaDash,project-test-pad,LDO_IN,field,"{""1"": ""LDO_IN""}",SCHEMATIC.md,M3b.1 rev B; functional pads and test points; no vehicle connector pinout
TP11,1,HondaDash,project-test-pad,GND_L,logic,"{""1"": ""GND_L""}",SCHEMATIC.md,M3b.1 rev B; functional pads and test points; no vehicle connector pinout
TP12,1,HondaDash,project-test-pad,GND_F,field,"{""1"": ""GND_F""}",SCHEMATIC.md,M3b.1 rev B; functional pads and test points; no vehicle connector pinout
TP13,1,HondaDash,project-test-pad,TX_F,field,"{""1"": ""TX_F""}",SCHEMATIC.md,M3b.1 rev B; functional pads and test points; no vehicle connector pinout
TP14,1,HondaDash,project-test-pad,TIMEOUT,field,"{""1"": ""TIMEOUT""}",SCHEMATIC.md,M3b.1 rev B; functional pads and test points; no vehicle connector pinout
TP15,1,HondaDash,project-test-pad,ARMED,field,"{""1"": ""ARMED""}",SCHEMATIC.md,M3b.1 rev B; functional pads and test points; no vehicle connector pinout
TP16,1,HondaDash,project-test-pad,PG_F,field,"{""1"": ""PG_F""}",SCHEMATIC.md,M3b.1 rev B; functional pads and test points; no vehicle connector pinout
TP17,1,HondaDash,project-test-pad,ARM_RAW,field,"{""1"": ""ARM_RAW""}",SCHEMATIC.md,M3b.1 rev B; functional pads and test points; no vehicle connector pinout
TP18,1,HondaDash,project-test-pad,PG_GATE,field,"{""1"": ""PG_GATE""}",SCHEMATIC.md,M3b.1 rev B; functional pads and test points; no vehicle connector pinout
TP19,1,HondaDash,project-test-pad,LOCKED,field,"{""1"": ""LOCKED""}",SCHEMATIC.md,M3b.1 rev B; functional pads and test points; no vehicle connector pinout
TP20,1,HondaDash,project-test-pad,REARM_READY,field,"{""1"": ""REARM_READY""}",SCHEMATIC.md,M3b.1 rev B; functional pads and test points; no vehicle connector pinout
TP21,1,HondaDash,project-test-pad,READY_QUAL,field,"{""1"": ""READY_QUAL""}",SCHEMATIC.md,M3b.1 rev B; functional pads and test points; no vehicle connector pinout
TP22,1,HondaDash,project-test-pad,READY_REQ,field,"{""1"": ""READY_REQ""}",SCHEMATIC.md,M3b.1 rev B; functional pads and test points; no vehicle connector pinout
TP23,1,HondaDash,project-test-pad,USB_BAD,field,"{""1"": ""USB_BAD""}",SCHEMATIC.md,M3b.1 rev B; functional pads and test points; no vehicle connector pinout
TP24,1,HondaDash,project-test-pad,PG_L,logic,"{""1"": ""PG_L""}",SCHEMATIC.md,M3b.1 rev B; functional pads and test points; no vehicle connector pinout
TP25,1,HondaDash,project-test-pad,V5_L,logic,"{""1"": ""V5_L""}",SCHEMATIC.md,M3b.1 rev B; functional pads and test points; no vehicle connector pinout
TP26,1,HondaDash,project-test-pad,ISO_FEED,logic,"{""1"": ""ISO_FEED""}",SCHEMATIC.md,M3b.1 rev B; functional pads and test points; no vehicle connector pinout
